Title,Source,Headquarters,Author,Date,Review Rating,Excerpt
"PS5 Review: The Future is Here",The Verge,New York,John Smith,2020-11-12,9.5/10,"The PS5's impressive hardware and exclusive games make it a significant step forward in console gaming."
"A Deep Dive into PS5 Features",IGN,Los Angeles,Jane Doe,2020-11-15,9.0/10,"From the lightning-fast SSD to the DualSense controller, the PS5 offers an immersive gaming experience."
"PS5 Launch Review: Worth the Hype?",CNET,San Francisco,Mark Johnson,2020-11-18,8.8/10,"While the PS5 delivers stunning visuals, its large size and limited storage might be drawbacks for some users."
"Exploring PS5's Game Library",GameSpot,San Francisco,Emily Brown,2020-11-20,9.2/10,"The PS5's launch lineup showcases a mix of genres, catering to a wide range of players."
"PS5 Performance Analysis",Digital Foundry,Bath,Alex Williams,2020-11-22,N/A,"In-depth technical analysis of the PS5's hardware, showcasing its capabilities in comparison to previous consoles."
"The Evolution of Console Gaming: PS5",Forbes,New York,Sarah Lee,2020-11-25,9.7/10,"The PS5 represents a significant leap in gaming technology, redefining the standards for next-gen consoles."
"PS5's DualSense Controller Innovation",TechCrunch,San Francisco,Michael Chen,2020-11-28,9.4/10,"The haptic feedback and adaptive triggers of the DualSense controller add a new layer of immersion to gaming."
"PS5's Impact on the Gaming Industry",Bloomberg,New York,Jessica Adams,2020-12-02,9.6/10,"The PS5's powerful hardware and innovative features have the potential to reshape the gaming landscape."
"User Experience on the PS5",Engadget,New York,Kevin Patel,2020-12-05,9.3/10,"The PS5's user interface is streamlined and intuitive, enhancing the overall gaming experience."
"PS5 vs. Xbox Series X: Gaming Showdown",GamesRadar,San Francisco,Ryan Hughes,2020-12-08,N/A,"Comparative analysis of the PS5 and Xbox Series X, highlighting the strengths and weaknesses of each console."
"The Design Philosophy Behind PS5",Wired,San Francisco,Lisa Miller,2020-12-12,N/A,"Interview with PS5 designers discussing the design choices and innovations that went into creating the console."
"PS5's Ray Tracing Technology",Tom's Hardware,New York,Alan Walker,2020-12-16,N/A,"An exploration of the PS5's ray tracing capabilities and its impact on visual realism in gaming."
"PS5's Backward Compatibility",Polygon,New York,Maria Garcia,2020-12-20,9.1/10,"Detailed analysis of PS5's backward compatibility, allowing players to enjoy a wide range of older games."
"PS5: The Powerhouse of Performance",Eurogamer,London,Daniel Smith,2020-12-24,9.8/10,"Breaking down the technical prowess of the PS5, showcasing its ability to handle demanding games with ease."
"PS5's Audio Revolution",TechSpot,Los Angeles,Richard Turner,2020-12-28,9.5/10,"Exploring the Tempest 3D AudioTech in PS5, revolutionizing how players experience in-game sounds."
"PS5's Impact on VR Gaming",UploadVR,San Francisco,Karen Thompson,2021-01-02,N/A,"Discussing the potential synergy between PS5 and VR gaming, elevating immersion to new levels."
"PS5's Launch: Successes and Shortcomings",Kotaku,New York,James Wilson,2021-01-06,8.7/10,"An overview of the PS5's launch, highlighting both its successes and areas that need improvement."
"PS5's Social and Online Gaming Features",IGN,Los Angeles,Chris Miller,2021-01-10,9.2/10,"Examining the social integration and online gaming features of PS5, enhancing the sense of community."
"PS5's Future: Predictions and Speculations",PCMag,New York,Olivia White,2021-01-14,N/A,"Speculating on the potential future developments and games that could define the PS5's lifecycle."
"PS5's Eco-Friendly Initiatives",GreenTech,Seattle,Alex Turner,2021-01-18,N/A,"Analyzing the PS5's energy efficiency and eco-friendly initiatives, contributing to a more sustainable gaming future."
"PS5's Game Streaming and Cloud Services",VentureBeat,San Francisco,Melissa Adams,2021-01-22,9.3/10,"Exploring PS5's integration with game streaming and cloud services, expanding access to a diverse game library."